insert into department (de_num, de_location, de_number, de_name)
	values(1, '제 1 건물 2층', '031-111-1111', '영어 영문학'),
    (2, '제 1 건물 4층', '031-111-1111', '시각 디자인'),
    (3, '제 2 건물 1층', '031-111-1111', '컴퓨터 공학'),
    (4, '제 3 건물 2층', '031-111-1111', '건축');

insert into professor (pr_num, pr_name, pr_de_num, pr_social_num)
	values(101, '강줄리', 1, '900303-2929211'),
    (102, '김철수', 1, '880323-1559411'),
    (201, '오하나', 2, '890501-2329232'),
    (202, '정소희', 2, '910903-2559278'),
    (301, '이호섭', 3, '781206-1229266'),
    (302, '이지희', 3, '920613-2429268'),
    (401, '장마리아', 4, '691225-2229233'),
    (402, '조소담', 4, '840224-1429243');

insert into student (st_num, st_de_num, st_pr_num, st_name, st_social_num)
	values(22101, 1, 101, '강영채', '200218-2424819'),
    (22101, 1, 101, '강영채', '200218-2424819'),
    (22102, 1, 101, '김지수', '200520-2424819'),
	(22103, 1, 101, '금지혜', '211118-2424819'),
    (22104, 1, 102, '강영채', '200405-2424819'),
	(22105, 1, 102, '이홍기', '200309-1424819'),
    (22106, 1, 102, '고정빈', '210128-1424819'),
	(22207, 2, 201, '강민수', '201228-1424819'),
    (22208, 2, 201, '이수빈', '210218-2424819'),
    (22209, 2, 201, '정지음', '201228-2424819'),
    (22210, 2, 202, '최치수', '980218-1424819'),
    (22211, 2, 202, '유정음', '991202-2424819'),
    (22212, 2, 202, '이수빈', '210610-2424819'),
    (22313, 3, 301, '김나리', '970212-2424819'),
    (22314, 3, 301, '김진수', '991002-1424819'),
    (22315, 3, 301, '이하늘', '970610-2424819'),
    (22316, 3, 302, '류성빈', '210412-1424819'),
    (22317, 3, 302, '여아람', '991114-2424819'),
    (22318, 3, 302, '서수빈', '210609-2424819'),
    (22419, 4, 301, '김나리', '970212-2424819'),
    (22420, 4, 301, '김진수', '991002-1424819'),
    (22421, 4, 301, '이하늘', '970610-2424819'),
    (22422, 4, 302, '류성빈', '210412-1424819'),
    (22423, 4, 302, '여아람', '991114-2424819'),
    (22424, 4, 302, '서수빈', '210609-2424819'),